current_time,temp,humidity,main
2026-03-05 06:01:37,10.38,23,Clouds
2026-03-05 06:32:32,10.38,23,Clouds
2026-03-05 07:27:40,10.48,36,Clouds
2026-03-05 08:01:04,10.76,46,Haze
2026-03-05 08:56:25,7.36,73,Clouds
2026-03-05 09:43:44,6.76,76,Rain
2026-03-05 10:24:31,4.76,93,Rain
2026-03-05 11:05:57,4.76,93,Rain
2026-03-05 11:46:35,3.76,93,Rain
2026-03-05 12:27:11,3.74,92,Rain
2026-03-05 13:42:23,-0.24,100,Snow
2026-03-05 14:30:39,0.76,100,Snow
2026-03-05 15:29:32,0.76,100,Snow
2026-03-05 19:00:16,2.45,83,Clouds
2026-03-05 19:57:05,2.6,74,Clouds
2026-03-05 20:40:33,2.67,74,Clouds
2026-03-05 21:07:04,2.67,74,Clouds
2026-03-05 21:49:06,2.19,79,Clouds
2026-03-05 22:16:02,2.19,79,Clouds
2026-03-05 23:30:48,2,78,Clouds
2026-03-06 00:04:58,1.76,93,Mist
2026-03-06 02:48:52,3.22,61,Clouds
2026-03-06 04:24:13,3.32,60,Clouds
2026-03-06 05:29:44,3.37,58,Clouds
2026-03-06 06:07:34,3.5,56,Clouds
2026-03-06 07:06:23,2.76,75,Haze
2026-03-06 07:49:50,2.76,70,Haze
2026-03-06 08:21:25,4.12,44,Clouds
2026-03-06 09:00:29,2.76,70,Haze
2026-03-06 09:52:23,2.76,65,Haze
2026-03-06 10:24:50,0.76,75,Clouds
2026-03-06 11:01:40,0.76,75,Haze
2026-03-06 11:38:32,0.88,43,Clouds
2026-03-06 11:57:51,1.76,64,Clouds
2026-03-06 13:08:04,-0.24,69,Clouds
2026-03-06 14:00:46,-0.24,69,Clouds
2026-03-06 14:50:02,-0.24,64,Clouds
2026-03-06 15:24:02,-1.24,69,Clear
2026-03-06 15:58:27,-1.24,69,Clear
2026-03-06 16:52:31,-1.24,64,Clear
2026-03-06 17:27:29,-0.93,35,Clear
2026-03-06 18:00:56,-1.24,69,Clear
2026-03-06 18:59:33,-1.05,35,Clear
2026-03-06 19:39:12,-1.4,34,Clear
2026-03-06 19:59:37,-1.4,34,Clear
2026-03-06 20:41:52,-1.48,34,Clear
2026-03-06 21:02:20,-1.48,34,Clear
2026-03-06 21:39:11,-3.24,68,Clear
2026-03-06 21:57:52,-3.24,68,Clear
2026-03-06 22:34:46,-3.24,68,Clear
2026-03-06 22:59:07,-1.36,32,Clear
2026-03-06 23:35:51,-1.24,59,Clear
2026-03-06 23:54:54,-0.76,30,Clear
2026-03-07 01:46:24,0.9,23,Clear
2026-03-07 03:48:04,3.47,16,Clear
2026-03-07 04:52:01,4.4,16,Clear
2026-03-07 05:31:14,4.4,16,Clear
2026-03-07 06:01:29,4.92,16,Clear
2026-03-07 06:55:28,4.76,33,Clear
2026-03-07 07:27:44,4.76,33,Clear
2026-03-07 07:49:58,4.76,33,Clear
2026-03-07 08:01:09,4.76,33,Clear
2026-03-07 08:43:55,4.76,30,Clear
2026-03-07 09:02:47,3.68,19,Clear
2026-03-07 09:39:03,2.76,35,Clear
2026-03-07 09:56:00,2.76,35,Clear
2026-03-07 10:24:31,3.2,21,Clear
2026-03-07 10:47:31,1.76,41,Clear
2026-03-07 10:59:57,2.61,23,Clear
2026-03-07 11:29:13,2.61,23,Clear
2026-03-07 11:45:52,1.86,26,Clear
2026-03-07 11:56:41,-0.24,51,Clear
2026-03-07 12:52:09,-0.24,55,Clear
2026-03-07 13:32:18,0.81,28,Clear
2026-03-07 13:58:06,-2.24,64,Clear
2026-03-07 14:30:06,-2.24,64,Clear
2026-03-07 14:52:11,-0.05,32,Clear
2026-03-07 15:13:28,-0.05,32,Clear
2026-03-07 15:38:52,-2.24,64,Clear
2026-03-07 15:53:56,-2.24,64,Clear
2026-03-07 16:20:40,-0.31,33,Clear
2026-03-07 16:46:40,-3.24,74,Clear
2026-03-07 17:01:14,-3.24,74,Clear
2026-03-07 17:31:49,-4.24,74,Clear
2026-03-07 17:49:59,-4.24,74,Clear
2026-03-07 17:59:36,-4.24,74,Clear
2026-03-07 18:47:09,-4.24,80,Clear
2026-03-07 19:10:07,-0.59,35,Clear
2026-03-07 19:32:56,-4.24,80,Clear
2026-03-07 19:47:57,-4.24,80,Clear
2026-03-07 19:57:54,-4.24,80,Clear
2026-03-07 20:31:57,-5.24,80,Clear
2026-03-07 20:52:30,-0.65,35,Clear
2026-03-07 21:12:56,-5.24,86,Clear
2026-03-07 21:35:17,-0.64,34,Clear
2026-03-07 21:50:14,-5.24,86,Clear
2026-03-07 21:59:54,-0.64,34,Clear
2026-03-07 22:33:14,-0.26,32,Clear
2026-03-07 22:53:15,-6.24,93,Clear
2026-03-07 23:15:42,-2.24,80,Clear
2026-03-07 23:39:46,-2.24,80,Clear
2026-03-07 23:54:36,-2.24,80,Clear
2026-03-08 01:50:21,2.47,22,Clouds
2026-03-08 03:58:38,4.76,26,Clear
2026-03-08 05:12:27,5.19,19,Clouds
2026-03-08 05:58:11,5.51,22,Clouds
2026-03-08 06:53:04,5.27,22,Clouds
2026-03-08 07:26:07,4.76,36,Clear
2026-03-08 07:50:33,5.06,25,Clouds
2026-03-08 08:15:29,5.06,25,Clouds
2026-03-08 08:49:38,5.76,33,Clear
2026-03-08 09:15:54,3.76,48,Clear
2026-03-08 09:46:53,3.76,48,Clear
2026-03-08 10:01:01,3.76,48,Clear
2026-03-08 10:36:34,1.76,60,Clear
2026-03-08 10:55:52,1.76,60,Clear
2026-03-08 11:20:51,3.02,47,Clouds
2026-03-08 11:39:40,0.76,75,Clear
2026-03-08 11:53:45,2.99,52,Clouds
2026-03-08 12:35:13,0.76,75,Clear
2026-03-08 13:26:01,-0.24,86,Clear
2026-03-08 13:55:53,2.69,61,Clear
2026-03-08 14:24:57,0.76,86,Clear
2026-03-08 14:49:46,2.42,63,Clear
2026-03-08 15:11:01,2.42,63,Clear
2026-03-08 15:38:22,2.42,63,Clear
2026-03-08 15:54:22,2.14,64,Clear
2026-03-08 16:22:49,1.76,87,Clear
2026-03-08 16:50:00,1.89,63,Clear
2026-03-08 17:12:02,1.89,63,Clear
2026-03-08 17:39:56,1.76,93,Clear
2026-03-08 17:56:13,1.63,62,Clear
2026-03-08 18:35:49,1.76,87,Clouds
2026-03-08 19:01:09,1.76,87,Clouds
2026-03-08 19:32:05,1.76,87,Clouds
2026-03-08 19:48:16,1.76,87,Clouds
2026-03-08 19:58:53,1.76,87,Clouds
2026-03-08 20:36:08,1.04,59,Clouds
2026-03-08 20:55:17,1.04,59,Clouds
2026-03-08 21:21:46,1.76,87,Clouds
2026-03-08 21:42:16,1.76,87,Mist
2026-03-08 21:55:58,0.94,59,Clouds
2026-03-08 22:23:52,1.76,80,Clouds
2026-03-08 22:47:28,1.43,57,Clouds
2026-03-08 23:01:07,1.76,80,Mist
2026-03-08 23:33:47,2.76,81,Haze
2026-03-08 23:52:39,2.38,53,Clouds
2026-03-09 01:15:39,4.76,65,Clouds
2026-03-09 03:42:44,6.76,45,Clouds
2026-03-09 05:11:44,7.4,30,Clouds
2026-03-09 06:11:52,6.76,42,Haze
2026-03-09 07:18:11,7.76,29,Clouds
2026-03-09 08:00:00,7.65,27,Clouds
2026-03-09 08:56:51,7.31,29,Clouds
2026-03-09 09:55:00,6.47,33,Clouds
2026-03-09 10:42:39,5.67,36,Clouds
2026-03-09 11:23:44,5.67,36,Clouds
2026-03-09 11:54:21,2.76,60,Haze
2026-03-09 12:53:54,4.03,38,Clear
2026-03-09 14:02:18,1.76,64,Haze
2026-03-09 15:04:12,3.05,41,Clear
2026-03-09 16:09:19,-2.24,86,Clear
2026-03-09 17:08:38,-1.24,74,Haze
2026-03-09 17:58:58,2.08,44,Clear
2026-03-09 19:03:50,1.71,45,Clear
2026-03-09 19:47:34,1.44,46,Clear
2026-03-09 20:17:02,1.44,46,Clear
2026-03-09 20:53:59,-4.24,93,Mist
2026-03-09 21:27:17,-4.24,100,Mist
2026-03-09 21:55:31,0.9,47,Clear
2026-03-09 22:27:36,0.9,47,Clear
2026-03-09 22:55:35,1.45,44,Clouds
2026-03-09 23:27:24,-0.24,93,Clear
2026-03-09 23:51:39,2.38,39,Clouds
2026-03-10 00:58:12,3.78,32,Clouds
2026-03-10 03:28:45,7.76,39,Clear
2026-03-10 04:56:23,7.07,29,Clouds
2026-03-10 05:47:06,7.03,26,Clouds
2026-03-10 06:31:37,7.07,27,Clouds
2026-03-10 07:26:00,6.82,26,Clear
2026-03-10 08:00:07,6.37,26,Clear
2026-03-10 08:56:25,6.76,39,Clear
2026-03-10 09:46:19,4.85,33,Clear
2026-03-10 10:24:54,3.76,45,Clear
2026-03-10 11:06:44,4.35,36,Clear
2026-03-10 11:46:34,3.96,39,Clear
2026-03-10 12:26:43,1.76,51,Clear
2026-03-10 13:42:46,-0.24,69,Clear
2026-03-10 14:31:55,-2.24,80,Clear
2026-03-10 15:38:56,3.23,41,Clouds
2026-03-10 16:39:00,-3.24,86,Clear
2026-03-10 17:29:30,-2.24,93,Clear
2026-03-10 18:09:43,-1.24,86,Clear
2026-03-10 19:08:19,-1.24,86,Clear
2026-03-10 19:50:53,-1.24,86,Clear
2026-03-10 20:19:16,-1.24,93,Clear
2026-03-10 20:53:33,2.19,48,Clouds
2026-03-10 21:23:55,-1.24,93,Clear
2026-03-10 21:49:34,-1.24,93,Clear
2026-03-10 22:12:58,-0.24,80,Clear
2026-03-10 22:47:51,-0.24,80,Clear
2026-03-10 23:14:25,0.76,80,Clear
2026-03-10 23:44:06,3.72,38,Clouds
2026-03-10 23:58:44,0.76,80,Clear
2026-03-11 02:40:25,3.76,65,Clear
2026-03-11 04:23:42,6.76,49,Clear
2026-03-11 05:30:27,6.76,45,Clouds
2026-03-11 06:09:33,9.34,23,Clouds
2026-03-11 07:11:08,8.76,37,Clouds
2026-03-11 07:55:16,8.76,53,Clouds
2026-03-11 08:38:58,8.38,35,Clouds
2026-03-11 09:26:24,5.76,70,Clear
2026-03-11 10:07:26,7.58,41,Clouds
2026-03-11 10:58:48,4.76,70,Clear
2026-03-11 11:39:50,6.22,55,Clouds
2026-03-11 12:01:13,3.76,75,Clear
2026-03-11 13:22:47,5.9,60,Clear
2026-03-11 14:14:55,-0.24,100,Clear
2026-03-11 15:08:07,-0.24,100,Clear
2026-03-11 16:00:48,-0.24,100,Clear
2026-03-11 17:03:52,4.69,73,Clear
2026-03-11 17:57:53,-1.24,100,Mist
2026-03-11 19:00:22,-1.24,100,Mist
2026-03-11 19:45:14,-0.24,100,Mist
2026-03-11 20:17:51,3.75,65,Clear
2026-03-11 20:52:22,-1.24,100,Mist
2026-03-11 21:23:07,3.47,64,Clear
2026-03-11 21:53:17,-2.24,100,Fog
2026-03-11 22:20:53,3.22,64,Clear
2026-03-11 22:45:43,3.77,61,Clear
2026-03-11 23:00:21,-2.24,100,Fog
2026-03-11 23:35:46,-0.24,100,Fog
2026-03-11 23:55:49,-0.24,100,Fog
2026-03-12 02:05:13,5.76,70,Mist
2026-03-12 04:20:44,12.76,38,Clear
2026-03-12 05:32:12,12.76,38,Clear
2026-03-12 06:30:30,12.76,33,Clear
2026-03-12 07:29:55,12.01,23,Clouds
2026-03-12 08:03:13,12.76,28,Clear
2026-03-12 08:57:54,12.76,26,Clear
2026-03-12 09:51:42,11.76,28,Clear
2026-03-12 10:28:05,10.2,30,Clouds
2026-03-12 11:07:54,8.56,40,Clouds
2026-03-12 11:42:37,8.76,43,Clear
2026-03-12 11:59:59,8.76,43,Clear
2026-03-12 13:21:58,6.76,53,Clear
2026-03-12 14:12:33,6.76,53,Clear
2026-03-12 15:09:41,5.54,47,Clear
2026-03-12 16:14:39,4.76,60,Clear
2026-03-12 17:12:44,5.06,48,Clear
2026-03-12 18:03:19,2.76,70,Clear
2026-03-12 19:07:27,1.76,75,Clear
2026-03-12 19:50:50,4.13,53,Clear
2026-03-12 20:19:53,4.13,53,Clear
2026-03-12 20:56:36,3.86,54,Clear
2026-03-12 21:34:53,3.86,54,Clear
2026-03-12 21:58:27,0.76,80,Clear
2026-03-12 22:33:48,3.49,54,Clear
2026-03-12 22:57:25,-0.24,93,Clear
2026-03-12 23:32:37,3.82,51,Clear
2026-03-12 23:53:58,4.65,45,Clear
2026-03-13 01:41:38,7.09,31,Clear
2026-03-13 03:57:22,9.14,24,Clear
2026-03-13 05:14:37,9.95,22,Clear
2026-03-13 06:05:14,11.39,21,Clear
2026-03-13 07:09:51,11.09,21,Clear
2026-03-13 07:55:02,12.76,24,Clear
2026-03-13 08:37:05,11.76,24,Clear
2026-03-13 09:22:51,10.67,23,Clear
2026-03-13 10:00:28,10.76,37,Clear
2026-03-13 10:50:41,9.48,28,Clouds
2026-03-13 11:20:49,9.48,28,Clouds
2026-03-13 11:48:50,5.76,56,Clear
2026-03-13 12:26:34,4.76,65,Clear
2026-03-13 13:39:18,3.76,70,Clear
2026-03-13 14:27:19,2.76,81,Clear
2026-03-13 15:09:56,2.76,81,Clear
2026-03-13 15:57:24,1.76,93,Clear
2026-03-13 16:46:48,1.76,87,Clear
2026-03-13 17:23:43,1.76,87,Clear
2026-03-13 17:57:47,6.42,40,Clouds
2026-03-13 18:51:19,2.76,87,Clear
2026-03-13 19:22:59,2.76,87,Clear
2026-03-13 19:53:00,5.62,44,Clouds
2026-03-13 20:24:51,2.76,87,Clear
2026-03-13 20:59:54,2.76,87,Clear
2026-03-13 21:42:05,5.31,46,Clouds
2026-03-13 22:01:45,5.31,46,Clouds
2026-03-13 22:38:47,5.7,45,Clouds
2026-03-13 22:59:54,5.7,45,Clouds
2026-03-13 23:36:56,5.76,56,Clear
2026-03-13 23:57:28,5.76,56,Clear
2026-03-14 02:27:19,10.76,37,Clear
2026-03-14 04:22:08,12.76,33,Clear
2026-03-14 05:27:57,10.5,28,Clouds
2026-03-14 06:06:51,11.22,25,Clouds
2026-03-14 07:04:39,10.76,35,Clear
2026-03-14 07:46:58,8.76,40,Clear
2026-03-14 08:02:29,8.76,40,Clear
2026-03-14 08:49:46,7.76,39,Clear
2026-03-14 09:19:41,9.03,33,Clouds
2026-03-14 09:52:18,7.76,39,Clear
2026-03-14 10:17:43,6.76,45,Clear
2026-03-14 10:50:14,7.74,49,Clouds
2026-03-14 11:12:27,7.74,49,Clouds
2026-03-14 11:38:51,6.76,53,Clear
2026-03-14 11:56:04,6.76,53,Clear
2026-03-14 12:52:50,6.99,61,Clouds
2026-03-14 13:39:23,6.69,66,Clouds
2026-03-14 14:04:53,5.76,65,Clear
2026-03-14 14:45:14,5.76,81,Clouds
2026-03-14 15:02:57,5.76,81,Clouds
2026-03-14 15:38:17,6.15,73,Clouds
2026-03-14 15:57:01,6.15,73,Clouds
2026-03-14 16:36:18,6.15,73,Clouds
2026-03-14 17:00:52,5.76,93,Clouds
2026-03-14 17:36:44,5.76,93,Clouds
2026-03-14 17:56:55,5.76,93,Clouds
2026-03-14 18:42:07,6.41,71,Clouds
2026-03-14 19:15:45,5.76,100,Mist
2026-03-14 19:43:12,5.76,100,Mist
2026-03-14 19:58:37,5.76,100,Mist
2026-03-14 20:37:07,6.26,71,Clouds
2026-03-14 20:58:19,5.76,100,Mist
2026-03-14 21:32:30,6.15,72,Clouds
2026-03-14 21:53:38,6.15,72,Clouds
2026-03-14 22:19:42,5.76,100,Mist
2026-03-14 22:48:28,5.76,100,Mist
2026-03-14 23:14:29,6.32,71,Clouds
2026-03-14 23:44:36,5.76,100,Mist
2026-03-15 00:00:28,6.68,68,Clouds
2026-03-15 03:25:54,7.76,71,Drizzle
2026-03-15 05:16:55,9.76,57,Haze
2026-03-15 06:12:21,9.63,48,Clouds
2026-03-15 07:13:59,9.4,49,Clouds
2026-03-15 07:54:20,9.29,50,Clouds
2026-03-15 08:31:29,9.76,53,Haze
2026-03-15 09:03:35,8.32,55,Clouds
2026-03-15 09:46:54,8.76,57,Haze
2026-03-15 10:14:22,7.39,58,Clouds
2026-03-15 10:51:08,6.76,70,Haze
2026-03-15 11:14:35,6.82,57,Clouds
2026-03-15 11:41:58,6.46,55,Clouds
2026-03-15 11:57:25,4.76,70,Clear
2026-03-15 13:02:10,5.91,55,Clear
2026-03-15 13:53:47,2.76,70,Clear
2026-03-15 14:24:45,1.76,80,Clear
2026-03-15 14:54:44,5.16,56,Clouds
2026-03-15 15:26:03,-0.24,86,Mist
2026-03-15 15:51:55,-0.24,86,Mist
2026-03-15 16:19:20,4.82,56,Clouds
2026-03-15 16:52:15,-0.24,93,Mist
2026-03-15 17:18:55,4.53,57,Clouds
2026-03-15 17:49:07,4.35,58,Clouds
2026-03-15 18:18:44,0.76,86,Clouds
2026-03-15 19:00:27,4.19,61,Clouds
2026-03-15 19:36:29,0.76,86,Mist
2026-03-15 19:54:06,0.76,86,Mist
2026-03-15 20:22:56,-0.24,100,Mist
2026-03-15 20:51:12,4.08,60,Clouds
2026-03-15 21:16:04,4.08,60,Clouds
2026-03-15 21:45:31,-0.24,100,Mist
2026-03-15 22:00:21,3.78,61,Clouds
2026-03-15 22:38:27,-1.24,100,Mist
2026-03-15 23:00:43,4.34,58,Clouds
2026-03-15 23:38:32,1.76,100,Mist
2026-03-15 23:59:00,1.76,100,Mist
2026-03-16 03:25:52,8.69,41,Clouds
2026-03-16 05:28:06,11.76,40,Haze
2026-03-16 06:53:48,11.76,40,Haze
2026-03-16 08:04:56,11.13,26,Clouds
2026-03-16 09:10:48,11.76,37,Haze
2026-03-16 10:15:09,9.63,29,Clouds
2026-03-16 11:12:55,8.83,31,Clouds
2026-03-16 11:58:33,4.76,65,Haze
2026-03-16 13:43:03,7.42,33,Clear
2026-03-16 14:48:24,1.76,80,Clear
2026-03-16 15:50:04,1.76,80,Clear
2026-03-16 16:46:38,6.15,34,Clear
2026-03-16 17:47:37,0.76,93,Clear
2026-03-16 18:41:12,-0.24,93,Mist
2026-03-16 19:42:02,5.32,34,Clouds
2026-03-16 20:21:12,-1.24,100,Mist
2026-03-16 21:01:28,-1.24,100,Mist
2026-03-16 21:51:27,4.93,35,Clouds
2026-03-16 22:21:09,-2.24,100,Mist
2026-03-16 22:54:29,-2.24,100,Mist
2026-03-16 23:28:14,1.76,100,Mist
2026-03-16 23:53:46,1.76,100,Mist
2026-03-17 01:29:20,8.76,53,Haze
2026-03-17 04:01:06,14.65,17,Clear
2026-03-17 05:25:00,13.76,35,Haze
2026-03-17 06:38:38,15.59,16,Clear
2026-03-17 07:40:03,13.76,33,Haze
2026-03-17 08:30:11,12.76,33,Haze
2026-03-17 09:31:41,10.76,32,Haze
2026-03-17 10:28:55,6.76,42,Haze
2026-03-17 11:25:06,5.76,42,Haze
2026-03-17 12:01:13,10.31,20,Clouds
2026-03-17 13:45:25,4.76,52,Clear
2026-03-17 14:43:48,3.76,60,Clear
2026-03-17 15:45:50,2.76,75,Clear
2026-03-17 16:47:21,3.76,70,Clear
2026-03-17 17:46:32,8.82,21,Clouds
2026-03-17 18:40:01,4.76,65,Clear
2026-03-17 19:41:53,4.76,65,Clouds
2026-03-17 20:21:34,8.3,26,Rain
2026-03-17 21:00:43,4.76,70,Rain
2026-03-17 21:49:45,6.76,57,Rain
2026-03-17 22:19:57,5.76,70,Rain
2026-03-17 22:55:15,5.76,70,Rain
2026-03-17 23:30:55,6.76,76,Rain
2026-03-17 23:58:26,3.84,85,Rain
2026-03-18 02:48:39,4.76,93,Rain
2026-03-18 04:48:52,5.76,100,Rain
2026-03-18 05:54:36,5.76,93,Mist
2026-03-18 06:57:46,8.76,71,Mist
2026-03-18 07:56:29,9.76,66,Mist
2026-03-18 08:53:01,8.71,59,Clouds
2026-03-18 09:44:04,7.76,66,Haze
2026-03-18 10:37:05,5.76,81,Haze
2026-03-18 11:30:09,4.76,81,Clear
2026-03-18 12:06:37,4.76,81,Clear
2026-03-18 13:51:07,3.76,87,Clouds
2026-03-18 14:55:09,3.76,65,Clear
2026-03-18 16:06:50,4.46,37,Clouds
2026-03-18 17:16:16,3.85,36,Clouds
2026-03-18 18:12:09,2.76,56,Clear
2026-03-18 19:18:01,-0.24,64,Clear
2026-03-18 19:55:56,-0.24,64,Clear
2026-03-18 20:36:11,2.76,35,Clouds
2026-03-18 21:07:41,-2.24,80,Clear
2026-03-18 21:48:35,-1.24,69,Clear
2026-03-18 22:18:50,-1.24,74,Clear
2026-03-18 22:51:22,-1.24,74,Clear
2026-03-18 23:20:13,2.76,60,Clear
2026-03-18 23:47:22,4.6,27,Clouds
2026-03-19 00:58:17,4.76,38,Clear
2026-03-19 03:42:49,9.76,15,Clear
2026-03-19 05:13:48,10.76,28,Clear
2026-03-19 06:12:35,9.01,20,Clear
2026-03-19 07:15:28,8.57,22,Clouds
2026-03-19 07:57:36,8.76,27,Clear
2026-03-19 08:50:50,7.76,34,Clear
2026-03-19 09:30:39,7.23,34,Clouds
2026-03-19 10:09:53,5.76,61,Clear
2026-03-19 11:01:13,6.06,44,Clouds
2026-03-19 11:46:14,4.76,65,Clear
2026-03-19 12:29:06,5.8,46,Clouds
2026-03-19 13:49:51,3.76,75,Clear
2026-03-19 14:39:04,4.95,56,Clouds
2026-03-19 15:35:57,4.81,62,Clouds
2026-03-19 16:37:23,1.76,87,Clear
2026-03-19 17:39:27,4.68,65,Clouds
2026-03-19 18:33:20,4.44,69,Clouds
2026-03-19 19:30:52,-1.24,100,Clouds
2026-03-19 20:02:46,-1.24,100,Clouds
2026-03-19 20:52:24,-0.24,93,Clear
2026-03-19 21:25:52,-2.24,100,Clouds
2026-03-19 21:54:28,3.34,74,Clear
2026-03-19 22:23:48,0.76,100,Clouds
2026-03-19 22:54:36,0.76,100,Clouds
2026-03-19 23:26:41,4.15,70,Clear
2026-03-19 23:53:30,5.74,66,Clear
2026-03-20 01:25:07,8.76,66,Clouds
2026-03-20 03:53:36,11.16,28,Clear
2026-03-20 05:13:17,12.06,20,Clear
2026-03-20 06:07:48,12.76,44,Clear
2026-03-20 07:12:01,12.04,24,Clouds
2026-03-20 07:55:02,11.75,25,Clouds
2026-03-20 08:37:37,10.64,27,Clouds
2026-03-20 09:23:02,10.64,27,Clouds
2026-03-20 10:02:19,9.76,46,Clear
2026-03-20 10:52:52,7.76,61,Clear
2026-03-20 11:24:30,6.76,61,Clear
2026-03-20 11:51:41,8.2,35,Clouds
2026-03-20 12:31:14,3.76,60,Clear
2026-03-20 13:43:12,1.76,80,Clear
2026-03-20 14:30:14,1.76,75,Clear
2026-03-20 15:23:35,6.72,43,Clear
2026-03-20 16:02:57,0.76,86,Clear
2026-03-20 16:58:26,-0.24,93,Clear
2026-03-20 17:40:16,-0.24,93,Clear
2026-03-20 18:06:18,-0.24,93,Clear
2026-03-20 19:04:43,-1.24,93,Mist
2026-03-20 19:46:31,-0.24,100,Mist
2026-03-20 20:15:58,4.9,50,Clear
2026-03-20 20:51:47,-1.24,93,Mist
2026-03-20 21:20:09,-1.24,100,Mist
2026-03-20 21:48:55,-1.24,100,Mist
2026-03-20 22:13:33,-0.24,100,Mist
2026-03-20 22:49:05,-0.24,100,Mist
2026-03-20 23:15:53,5.37,46,Clear
2026-03-20 23:46:10,6.75,38,Clear
2026-03-21 00:01:13,6.75,38,Clear
2026-03-21 02:43:53,10.76,32,Clear
2026-03-21 04:19:39,11.85,16,Clouds
2026-03-21 05:14:45,13.76,18,Clear
2026-03-21 05:56:44,13.76,18,Clear
2026-03-21 06:49:22,13.76,28,Clear
2026-03-21 07:23:39,12.28,12,Clear
2026-03-21 07:50:20,11.58,14,Clear
2026-03-21 08:16:13,11.58,14,Clear
2026-03-21 08:52:00,12.76,28,Clear
2026-03-21 09:21:28,10.56,16,Clear
2026-03-21 09:50:57,10.76,28,Clear
2026-03-21 10:12:56,6.76,33,Clear
2026-03-21 10:46:47,9.16,19,Clear
2026-03-21 11:02:31,6.76,33,Clear
2026-03-21 11:32:40,4.76,42,Clear
2026-03-21 11:50:47,4.76,42,Clear
2026-03-21 12:00:48,8.86,21,Clear
2026-03-21 13:09:19,4.76,56,Clear
2026-03-21 13:51:12,3.76,70,Clear
2026-03-21 14:15:05,3.76,65,Clear
2026-03-21 14:47:12,8,24,Clouds
2026-03-21 15:12:07,1.76,69,Clear
2026-03-21 15:41:46,1.76,69,Clear
2026-03-21 15:58:28,1.76,69,Clear
2026-03-21 16:38:24,2.76,70,Clear
2026-03-21 17:00:01,7.41,28,Clouds
2026-03-21 17:34:08,1.76,80,Clear
2026-03-21 17:54:45,7.32,28,Clouds
2026-03-21 18:31:28,2.76,75,Clear
2026-03-21 19:01:32,2.76,75,Clear
2026-03-21 19:33:15,2.76,81,Clear
2026-03-21 19:50:10,2.76,81,Clear
2026-03-21 20:00:02,2.76,81,Clear
2026-03-21 20:37:44,1.76,87,Clear
2026-03-21 20:57:07,1.76,87,Clear
2026-03-21 21:28:54,2.76,87,Clear
2026-03-21 21:50:01,2.76,87,Clear
2026-03-21 22:00:47,7.26,24,Clouds
2026-03-21 22:36:15,2.76,87,Clear
2026-03-21 22:56:34,2.76,87,Clear
2026-03-21 23:27:14,7.71,23,Clouds
2026-03-21 23:49:05,8.61,22,Clouds
2026-03-22 00:01:07,4.76,70,Clear
2026-03-22 03:16:33,12.48,16,Clouds
2026-03-22 05:02:39,16.35,14,Clouds
2026-03-22 06:02:13,17.39,14,Clouds
2026-03-22 07:03:25,17.76,17,Clear
2026-03-22 07:46:18,16.76,16,Clear
2026-03-22 08:02:13,16.76,16,Clear
2026-03-22 08:49:28,14.76,25,Clear
2026-03-22 09:18:41,13.7,15,Clouds
2026-03-22 09:50:51,12.76,21,Clear
2026-03-22 10:14:27,12.52,18,Clouds
2026-03-22 10:48:24,11.88,18,Clouds
2026-03-22 11:12:06,11.93,18,Clouds
2026-03-22 11:37:12,7.76,46,Clear
2026-03-22 11:54:16,7.76,46,Clear
2026-03-22 12:40:46,6.76,45,Clear
2026-03-22 13:32:31,5.76,49,Clear
2026-03-22 14:01:56,5.76,49,Clear
2026-03-22 14:38:58,9.44,24,Clouds
2026-03-22 14:59:11,5.76,49,Clear
2026-03-22 15:34:35,4.76,52,Clear
2026-03-22 15:53:24,8.9,25,Clouds
2026-03-22 16:21:37,1.76,69,Clear
2026-03-22 16:51:24,1.76,69,Clear
2026-03-22 17:15:27,2.76,75,Clear
2026-03-22 17:44:22,2.76,75,Clear
2026-03-22 18:00:29,2.76,75,Clear
2026-03-22 18:51:01,7.8,31,Clouds
2026-03-22 19:16:11,0.76,69,Clear
2026-03-22 19:41:39,0.76,69,Clear
2026-03-22 19:56:16,0.76,69,Clear
2026-03-22 20:29:30,0.76,80,Clear
2026-03-22 20:54:40,0.76,80,Clear
2026-03-22 21:22:38,7.58,35,Clouds
2026-03-22 21:46:28,0.76,80,Clear
2026-03-22 22:00:08,0.76,80,Clear
2026-03-22 22:36:13,0.76,80,Clear
2026-03-22 22:58:12,8.27,34,Clouds
2026-03-22 23:34:48,5.76,70,Clear
2026-03-22 23:56:48,5.76,70,Clear
2026-03-23 02:31:24,12.27,27,Clouds
2026-03-23 04:53:03,16.76,22,Clear
2026-03-23 06:05:36,19.9,20,Clouds
2026-03-23 07:38:10,19.21,20,Clouds
2026-03-23 08:33:38,16.76,39,Clear
2026-03-23 09:41:56,17.15,25,Clouds
2026-03-23 10:36:53,10.76,54,Clear
2026-03-23 12:04:36,7.76,71,Clouds
2026-03-23 13:44:31,5.76,70,Clouds
2026-03-23 14:43:50,5.76,70,Clouds
2026-03-23 15:44:14,3.76,87,Clouds
2026-03-23 16:37:30,3.76,87,Clouds
2026-03-23 17:33:02,10.85,41,Clouds
2026-03-23 18:28:21,3.76,87,Mist
2026-03-23 19:29:13,2.76,93,Mist
2026-03-23 20:03:43,9.91,43,Clouds
2026-03-23 20:51:01,9.55,47,Clouds
2026-03-23 21:23:25,9.55,47,Clouds
2026-03-23 21:54:47,3.76,93,Mist
2026-03-23 22:29:00,2.76,100,Clouds
2026-03-23 23:01:55,2.76,100,Mist
2026-03-23 23:43:08,8.76,71,Haze
2026-03-24 00:01:45,8.76,71,Haze
2026-03-24 02:51:52,15.76,33,Haze
2026-03-24 04:46:30,16.76,29,Haze
2026-03-24 05:48:57,17.68,33,Clouds
2026-03-24 06:45:51,17.32,37,Clouds
2026-03-24 07:43:26,17.49,35,Clouds
2026-03-24 08:33:27,14.76,55,Clear
2026-03-24 09:33:42,12.76,58,Clear
2026-03-24 10:30:31,13.68,40,Clouds
2026-03-24 11:26:44,12.62,38,Clouds
2026-03-24 12:03:41,12.45,38,Clouds
2026-03-24 13:46:51,12.28,39,Clouds
2026-03-24 14:46:32,8.76,76,Clouds
2026-03-24 15:49:27,8.76,81,Clouds
2026-03-24 16:45:32,7.76,87,Clouds
2026-03-24 17:42:24,7.76,87,Clouds
2026-03-24 18:40:19,7.76,87,Clouds
2026-03-24 19:40:22,6.76,100,Clouds
2026-03-24 20:23:26,6.76,100,Mist
2026-03-24 21:01:30,6.76,100,Mist
2026-03-24 21:48:50,10.23,32,Clouds
2026-03-24 22:16:56,6.76,93,Clouds
2026-03-24 22:52:53,10.75,31,Clouds
2026-03-24 23:23:30,8.76,93,Mist
2026-03-24 23:53:07,8.76,93,Mist
2026-03-25 01:23:10,13.76,62,Clouds
2026-03-25 03:57:44,15.76,41,Clear
2026-03-25 05:24:42,17.76,42,Clear
2026-03-25 06:37:53,19.77,24,Clear
2026-03-25 07:38:39,16.76,48,Clear
2026-03-25 08:29:32,14.76,44,Clear
2026-03-25 09:30:26,16.8,33,Clear
2026-03-25 10:27:47,15,35,Clear
2026-03-25 11:23:03,8.76,71,Clear
2026-03-25 12:00:42,8.76,71,Clear
2026-03-25 13:43:35,5.76,87,Clear
2026-03-25 14:45:43,6.76,93,Clear
2026-03-25 15:52:39,10.57,55,Clear
2026-03-25 16:54:14,5.76,100,Mist
2026-03-25 17:54:42,5.76,100,Mist
2026-03-25 18:52:23,9.68,60,Clear
2026-03-25 19:38:58,3.76,100,Mist
2026-03-25 20:20:57,2.76,100,Mist
2026-03-25 20:57:36,2.76,100,Mist
2026-03-25 21:45:02,9.3,61,Clouds
2026-03-25 22:20:43,9.3,61,Clouds
2026-03-25 22:59:07,2.76,100,Mist
2026-03-25 23:44:26,11.74,47,Clouds
2026-03-26 01:01:18,8.76,81,Mist
2026-03-26 03:52:44,19.37,31,Clear
2026-03-26 05:28:08,20.55,28,Clear
2026-03-26 06:46:12,20.09,27,Clouds
2026-03-26 07:48:10,19,27,Clouds
2026-03-26 08:35:56,14.76,47,Clouds
2026-03-26 09:41:17,15.85,35,Clouds
2026-03-26 10:35:57,8.76,87,Haze
2026-03-26 11:32:30,5.76,100,Clouds
2026-03-26 12:35:44,12.06,49,Clear
2026-03-26 14:08:25,11.54,53,Clouds
2026-03-26 15:39:28,10.72,57,Clouds
2026-03-26 16:44:32,3.76,100,Mist
2026-03-26 17:45:26,3.76,100,Mist
2026-03-26 18:41:49,3.76,100,Mist
2026-03-26 19:43:05,2.76,100,Mist
2026-03-26 20:19:10,5.76,100,Mist
2026-03-26 20:53:47,5.76,100,Mist
2026-03-26 21:25:57,5.76,100,Mist
2026-03-26 21:52:58,9.3,59,Clear
2026-03-26 22:20:06,9.3,59,Clear
2026-03-26 22:52:34,10.07,57,Clear
2026-03-26 23:22:17,6.76,100,Mist
2026-03-26 23:53:47,6.76,100,Mist
2026-03-27 01:50:52,10.76,76,Mist
2026-03-27 04:21:37,14.76,58,Haze
2026-03-27 05:54:08,15.76,51,Haze
2026-03-27 07:01:01,15.76,48,Haze
2026-03-27 08:03:07,15.76,48,Haze
2026-03-27 09:05:10,15.76,55,Haze
2026-03-27 10:03:36,13.76,54,Haze
2026-03-27 11:01:16,10.76,76,Haze
2026-03-27 11:50:39,12.33,56,Clear
2026-03-27 12:32:45,6.76,100,Mist
2026-03-27 13:53:58,11.72,59,Clouds
2026-03-27 14:44:15,5.76,100,Fog
2026-03-27 15:36:31,11.03,59,Clouds
2026-03-27 16:32:19,5.76,100,Fog
2026-03-27 17:29:52,5.76,100,Mist
2026-03-27 18:29:45,4.76,100,Mist
2026-03-27 19:24:25,9.72,62,Clouds
2026-03-27 19:57:30,4.76,100,Mist
2026-03-27 20:43:20,4.76,100,Mist
2026-03-27 21:20:03,9.14,62,Clouds
2026-03-27 21:53:43,9.21,61,Clouds
2026-03-27 22:25:27,5.76,100,Mist
2026-03-27 23:00:03,5.76,100,Mist
2026-03-27 23:40:48,5.76,100,Mist
2026-03-28 00:00:11,5.76,100,Mist
2026-03-28 02:54:07,14.76,44,Haze
2026-03-28 04:49:24,17.76,39,Haze
2026-03-28 05:46:21,18.63,22,Clear
2026-03-28 06:40:45,17.76,39,Haze
2026-03-28 07:34:31,18.39,19,Clear
2026-03-28 08:04:19,18.76,32,Haze
2026-03-28 08:54:46,18.25,23,Clear
2026-03-28 09:33:30,16.99,23,Clear
2026-03-28 10:02:48,17.07,23,Clear
2026-03-28 10:46:50,8.76,81,Haze
2026-03-28 11:14:35,5.76,93,Clear
2026-03-28 11:44:17,5.76,93,Haze
2026-03-28 12:00:00,5.76,93,Haze
2026-03-28 13:14:25,13.48,35,Clear
2026-03-28 13:58:27,13.15,35,Clear
2026-03-28 14:38:38,4.76,100,Haze
2026-03-28 15:02:41,4.76,100,Haze
2026-03-28 15:42:40,12.71,36,Clouds
2026-03-28 16:02:19,12.71,36,Clouds
2026-03-28 16:47:48,12.36,36,Clouds
2026-03-28 17:16:24,3.76,93,Clouds
2026-03-28 17:49:20,11.94,37,Clouds
2026-03-28 18:20:11,3.76,100,Mist
2026-03-28 19:03:16,3.76,100,Mist
2026-03-28 19:39:05,3.76,100,Mist
2026-03-28 19:57:44,3.76,100,Mist
2026-03-28 20:37:18,3.76,100,Mist
2026-03-28 21:01:23,3.76,100,Mist
2026-03-28 21:39:07,10.91,38,Clouds
2026-03-28 21:58:17,3.76,100,Mist
2026-03-28 22:36:23,3.76,100,Haze
2026-03-28 23:00:22,3.76,100,Haze
2026-03-28 23:40:10,13.27,31,Clouds
2026-03-29 00:01:09,13.27,31,Clouds
2026-03-29 03:30:14,17.66,21,Clouds
2026-03-29 05:25:38,18.76,26,Clear
2026-03-29 06:40:15,16.76,39,Clear
2026-03-29 07:38:16,16.76,31,Haze
2026-03-29 08:05:33,19.05,22,Clouds
2026-03-29 08:56:42,17.76,24,Clear
2026-03-29 09:39:25,15.32,18,Clouds
2026-03-29 10:04:35,15.32,18,Clouds
2026-03-29 10:50:46,11.76,35,Clear
2026-03-29 11:17:31,11.76,40,Clear
2026-03-29 11:46:52,11.76,40,Clear
2026-03-29 12:02:38,15.1,18,Clouds
2026-03-29 13:17:24,8.76,53,Clear
2026-03-29 14:02:06,8.76,53,Clear
2026-03-29 14:46:50,13.77,21,Clouds
2026-03-29 15:17:01,13.77,21,Clouds
2026-03-29 15:49:01,7.76,66,Clear
2026-03-29 16:18:52,8.76,61,Clear
2026-03-29 16:56:33,12.66,24,Clouds
2026-03-29 17:32:42,10.76,43,Clear
2026-03-29 18:00:42,10.76,43,Clear
2026-03-29 18:57:18,9.76,46,Clear
2026-03-29 19:34:48,12.52,23,Clouds
2026-03-29 19:57:31,8.76,57,Clear
2026-03-29 20:38:21,8.76,61,Clear
2026-03-29 21:03:04,12.37,22,Clouds
2026-03-29 21:43:53,7.76,71,Clear
2026-03-29 22:01:55,12.33,22,Clouds
2026-03-29 22:45:59,9.76,62,Clear
2026-03-29 23:17:34,10.76,58,Clear
2026-03-29 23:50:58,13.98,21,Clouds
2026-03-30 01:07:02,11.76,54,Clear
2026-03-30 04:16:16,19.71,17,Clouds
2026-03-30 06:10:51,20.76,28,Clear
2026-03-30 08:01:05,19.76,34,Clear
2026-03-30 09:24:39,17.76,42,Clear
2026-03-30 10:44:08,16.07,33,Clouds
2026-03-30 11:41:59,15.49,39,Rain
2026-03-30 12:41:11,14.92,46,Rain
2026-03-30 14:12:30,13.76,62,Rain
2026-03-30 15:41:34,11.76,100,Rain
2026-03-30 16:39:44,11.78,85,Rain
2026-03-30 17:36:22,10.76,100,Rain
2026-03-30 18:36:55,10.76,100,Rain
2026-03-30 19:39:04,11.55,78,Rain
2026-03-30 20:25:13,9.76,100,Rain
2026-03-30 21:07:54,9.76,100,Rain
2026-03-30 21:55:50,9.76,100,Rain
2026-03-30 22:35:23,9.76,100,Rain
2026-03-30 23:07:03,9.76,100,Clouds
2026-03-30 23:50:32,10.76,93,Mist
2026-03-31 01:04:41,11.76,82,Mist
2026-03-31 04:05:31,15.76,63,Clouds
2026-03-31 05:50:53,16.76,55,Clouds
2026-03-31 06:58:02,17.76,48,Clouds
2026-03-31 08:11:45,17.76,52,Clouds
2026-03-31 09:18:19,16.76,55,Clouds
2026-03-31 10:16:47,15.76,59,Clear
2026-03-31 11:13:49,13.76,72,Clear
2026-03-31 12:01:53,13.76,72,Clear
2026-03-31 13:56:55,14.24,55,Clouds
2026-03-31 15:04:40,14.16,55,Clouds
2026-03-31 16:13:17,13.96,56,Clouds
2026-03-31 17:15:26,8.76,100,Clear
2026-03-31 18:09:01,8.76,100,Clear
2026-03-31 19:18:15,7.76,100,Clouds
2026-03-31 20:02:15,7.76,100,Clouds
2026-03-31 20:54:03,6.76,100,Clouds
2026-03-31 21:33:59,7.76,100,Clouds
2026-03-31 22:05:55,8.76,100,Clouds
2026-03-31 22:50:44,8.76,100,Clouds
2026-03-31 23:20:52,11.76,94,Clear
2026-03-31 23:53:47,11.76,94,Clear
2026-04-01 02:00:31,15.76,63,Clear
2026-04-01 04:52:37,15.76,63,Clouds
2026-04-01 06:21:55,14.76,63,Rain
2026-04-01 07:58:20,14.76,51,Haze
2026-04-01 09:15:29,13.76,41,Clear
2026-04-01 10:17:29,11.76,40,Clear
2026-04-01 11:16:25,10.76,54,Clear
2026-04-01 12:04:00,10.76,54,Clear
2026-04-01 14:00:40,6.76,76,Clouds
2026-04-01 15:18:24,11.45,39,Clouds
2026-04-01 16:14:53,11.01,42,Clouds
2026-04-01 17:13:06,3.76,93,Clear
2026-04-01 18:04:27,3.76,93,Clear
2026-04-01 19:18:54,3.76,93,Clear
2026-04-01 20:04:44,3.76,93,Clear
2026-04-01 20:58:53,3.76,93,Mist
2026-04-01 21:52:07,2.76,100,Mist
2026-04-01 22:26:10,3.76,100,Mist
2026-04-01 23:04:59,3.76,100,Mist
2026-04-01 23:48:30,7.76,87,Mist
2026-04-02 01:00:42,9.76,71,Haze
2026-04-02 03:48:54,15.76,44,Haze
2026-04-02 05:25:29,17.76,36,Clear
2026-04-02 06:47:51,15.76,36,Clear
2026-04-02 07:55:07,15.76,39,Clear
2026-04-02 08:53:32,13.76,41,Clear
2026-04-02 09:54:07,12.76,41,Clear
2026-04-02 10:47:20,10.76,46,Clear
2026-04-02 11:34:41,9.76,53,Clear
2026-04-02 12:36:00,8.76,61,Clear
2026-04-02 14:05:45,7.76,71,Haze
2026-04-02 15:13:27,5.76,100,Mist
2026-04-02 16:12:41,5.76,100,Mist
2026-04-02 17:10:19,5.76,100,Mist
2026-04-02 18:00:32,6.76,100,Mist
2026-04-02 19:09:13,5.76,100,Mist
2026-04-02 19:56:02,5.76,100,Mist
2026-04-02 20:35:34,6.76,100,Mist
2026-04-02 21:06:35,6.76,100,Mist
2026-04-02 21:51:08,6.76,100,Mist
2026-04-02 22:20:22,6.76,100,Mist
2026-04-02 22:54:36,6.76,100,Mist
2026-04-02 23:31:34,8.76,81,Mist
2026-04-03 00:01:38,8.76,81,Mist
2026-04-03 03:22:06,17.76,45,Clouds
2026-04-03 05:18:28,20.76,28,Clear
2026-04-03 06:40:27,21.76,26,Haze
2026-04-03 07:47:10,20.76,32,Clear
2026-04-03 08:35:45,19.76,37,Clear
2026-04-03 09:34:46,17.76,36,Clear
2026-04-03 10:23:52,15.76,36,Clear
2026-04-03 11:08:07,14.76,44,Clear
2026-04-03 11:51:58,14.76,44,Clear
2026-04-03 12:37:27,14.76,47,Clouds
2026-04-03 13:48:50,14.76,55,Clouds
2026-04-03 14:32:31,13.76,62,Clouds
2026-04-03 15:24:19,12.76,71,Clouds
2026-04-03 15:59:25,12.76,71,Clouds
2026-04-03 16:53:01,13.76,62,Rain
2026-04-03 17:26:29,13.76,62,Haze
2026-04-03 18:01:12,13.76,62,Rain
2026-04-03 19:01:21,12.76,67,Rain
2026-04-03 19:47:25,12.76,62,Rain
2026-04-03 20:19:03,12.76,67,Rain
2026-04-03 20:57:05,12.76,67,Haze
2026-04-03 21:37:28,12.76,67,Rain
2026-04-03 22:01:42,12.76,67,Rain
2026-04-03 22:47:41,11.76,76,Rain
2026-04-03 23:20:21,12.76,71,Rain
2026-04-03 23:52:58,12.76,71,Mist
2026-04-04 01:21:26,15.76,59,Clear
2026-04-04 03:43:58,18.76,52,Clouds
2026-04-04 05:13:34,19.76,52,Clouds
2026-04-04 06:13:39,17.76,59,Clouds
2026-04-04 07:18:46,16.76,63,Clear
2026-04-04 08:00:04,16.76,63,Clear
2026-04-04 08:54:10,15.76,63,Clear
2026-04-04 09:33:17,13.76,72,Clouds
2026-04-04 10:03:12,13.76,72,Clouds
2026-04-04 10:48:47,10.76,76,Clear
2026-04-04 11:16:48,10.76,76,Clouds
2026-04-04 11:46:24,10.76,76,Clouds
2026-04-04 12:03:05,10.76,76,Clouds
2026-04-04 13:17:42,9.76,81,Clouds
2026-04-04 14:01:54,8.76,81,Clouds
2026-04-04 14:45:16,7.76,93,Mist
2026-04-04 15:16:21,7.76,87,Clouds
2026-04-04 15:49:02,7.76,87,Mist
2026-04-04 16:18:48,7.76,93,Clouds
2026-04-04 16:56:51,7.76,93,Mist
2026-04-04 17:33:37,7.76,87,Mist
2026-04-04 17:59:47,7.76,87,Mist
2026-04-04 18:56:48,6.76,93,Mist
2026-04-04 19:33:05,6.76,93,Mist
2026-04-04 19:56:26,6.76,93,Mist
2026-04-04 20:33:47,6.76,87,Clouds
2026-04-04 21:00:35,6.76,87,Mist
2026-04-04 21:40:42,6.76,93,Mist
2026-04-04 22:00:07,6.76,93,Mist
2026-04-04 22:40:19,6.76,87,Mist
2026-04-04 23:03:01,6.76,87,Mist
2026-04-04 23:42:24,7.76,76,Mist
2026-04-05 00:02:08,7.76,76,Mist
2026-04-05 03:33:07,11.76,54,Haze
2026-04-05 05:27:39,14.76,47,Clear
2026-04-05 06:43:17,15.76,39,Clear
2026-04-05 07:42:08,15.76,39,Clear
2026-04-05 08:24:28,14.76,36,Clear
2026-04-05 09:05:30,14.76,36,Clear
2026-04-05 09:53:55,13.76,51,Clear
2026-04-05 10:28:00,11.76,58,Clear
2026-04-05 11:02:14,11.76,58,Clear
2026-04-05 11:39:10,10.76,66,Clear
2026-04-05 11:59:08,10.76,66,Rain
2026-04-05 13:16:35,8.76,81,Thunderstorm
2026-04-05 14:01:41,7.76,93,Thunderstorm
2026-04-05 14:47:43,7.76,93,Clouds
2026-04-05 15:18:34,8.76,87,Clouds
2026-04-05 15:51:03,8.76,87,Clouds
2026-04-05 16:20:38,8.76,93,Clouds
2026-04-05 16:58:09,8.76,93,Clouds
2026-04-05 17:37:40,7.76,100,Clouds
2026-04-05 18:01:28,7.76,100,Clouds
2026-04-05 18:59:31,8.76,100,Clouds
2026-04-05 19:39:41,8.76,100,Clouds
2026-04-05 20:00:07,8.76,100,Clouds
2026-04-05 20:46:07,8.76,100,Mist
2026-04-05 21:16:16,9.76,100,Mist
2026-04-05 21:48:58,9.76,100,Rain
2026-04-05 22:15:52,9.76,100,Mist
2026-04-05 22:53:50,9.76,100,Mist
